full_path,value
"International Visitor Arrivals By Inbound Tourism Markets, (Sea)",0.0
"International Visitor Arrivals By Inbound Tourism Markets, (Sea) > Africa",0.0
"International Visitor Arrivals By Inbound Tourism Markets, (Sea) > Africa > Egypt",0.5905096660808435
"International Visitor Arrivals By Inbound Tourism Markets, (Sea) > Africa > Mauritius",0.5905096660808435
"International Visitor Arrivals By Inbound Tourism Markets, (Sea) > Africa > Other Markets In Africa",0.5905096660808435
"International Visitor Arrivals By Inbound Tourism Markets, (Sea) > Africa > South Africa (Rep Of)",0.5905096660808435
"International Visitor Arrivals By Inbound Tourism Markets, (Sea) > Americas",0.0
"International Visitor Arrivals By Inbound Tourism Markets, (Sea) > Americas > Canada",0.0
"International Visitor Arrivals By Inbound Tourism Markets, (Sea) > Americas > Other Markets In Americas",0.5905096660808435
"International Visitor Arrivals By Inbound Tourism Markets, (Sea) > Americas > USA",0.0
"International Visitor Arrivals By Inbound Tourism Markets, (Sea) > Europe",0.0
"International Visitor Arrivals By Inbound Tourism Markets, (Sea) > Europe > Belgium & Luxembourg",0.0632688927943761
"International Visitor Arrivals By Inbound Tourism Markets, (Sea) > Europe > Denmark",0.0
"International Visitor Arrivals By Inbound Tourism Markets, (Sea) > Europe > Finland",0.0
"International Visitor Arrivals By Inbound Tourism Markets, (Sea) > Europe > France",0.0
"International Visitor Arrivals By Inbound Tourism Markets, (Sea) > Europe > Germany",0.0
"International Visitor Arrivals By Inbound Tourism Markets, (Sea) > Europe > Italy",0.0
"International Visitor Arrivals By Inbound Tourism Markets, (Sea) > Europe > Netherlands",0.0
"International Visitor Arrivals By Inbound Tourism Markets, (Sea) > Europe > Norway",0.0
"International Visitor Arrivals By Inbound Tourism Markets, (Sea) > Europe > Other Markets In Europe",0.5905096660808435
"International Visitor Arrivals By Inbound Tourism Markets, (Sea) > Europe > Rep Of Ireland",0.5905096660808435
"International Visitor Arrivals By Inbound Tourism Markets, (Sea) > Europe > Russian Federation",0.5905096660808435
"International Visitor Arrivals By Inbound Tourism Markets, (Sea) > Europe > Spain",0.23198594024604569
"International Visitor Arrivals By Inbound Tourism Markets, (Sea) > Europe > Sweden",0.0
"International Visitor Arrivals By Inbound Tourism Markets, (Sea) > Europe > Switzerland",0.0
"International Visitor Arrivals By Inbound Tourism Markets, (Sea) > Europe > United Kingdom",0.0
"International Visitor Arrivals By Inbound Tourism Markets, (Sea) > Greater China",0.5905096660808435
"International Visitor Arrivals By Inbound Tourism Markets, (Sea) > Greater China > China",0.0
"International Visitor Arrivals By Inbound Tourism Markets, (Sea) > Greater China > Hong Kong SAR",0.0
"International Visitor Arrivals By Inbound Tourism Markets, (Sea) > Greater China > Other Markets In Greater China",0.5905096660808435
"International Visitor Arrivals By Inbound Tourism Markets, (Sea) > Greater China > Taiwan",0.0
"International Visitor Arrivals By Inbound Tourism Markets, (Sea) > North Asia",0.5905096660808435
"International Visitor Arrivals By Inbound Tourism Markets, (Sea) > North Asia > Japan",0.0
"International Visitor Arrivals By Inbound Tourism Markets, (Sea) > North Asia > Other Markets In North Asia",0.5905096660808435
"International Visitor Arrivals By Inbound Tourism Markets, (Sea) > North Asia > South Korea",0.0
"International Visitor Arrivals By Inbound Tourism Markets, (Sea) > Oceania",0.0
"International Visitor Arrivals By Inbound Tourism Markets, (Sea) > Oceania > Australia",0.0
"International Visitor Arrivals By Inbound Tourism Markets, (Sea) > Oceania > New Zealand",0.0
"International Visitor Arrivals By Inbound Tourism Markets, (Sea) > Oceania > Other Markets In Oceania",0.0
"International Visitor Arrivals By Inbound Tourism Markets, (Sea) > Others",0.0
"International Visitor Arrivals By Inbound Tourism Markets, (Sea) > South Asia",0.0
"International Visitor Arrivals By Inbound Tourism Markets, (Sea) > South Asia > Bangladesh",0.0
"International Visitor Arrivals By Inbound Tourism Markets, (Sea) > Southeast Asia",0.0
"International Visitor Arrivals By Inbound Tourism Markets, (Sea) > Southeast Asia > Brunei Darussalam",0.37961335676625657
"International Visitor Arrivals By Inbound Tourism Markets, (Sea) > Southeast Asia > Indonesia",0.37961335676625657
"International Visitor Arrivals By Inbound Tourism Markets, (Sea) > Southeast Asia > Iran",0.0
"International Visitor Arrivals By Inbound Tourism Markets, (Sea) > Southeast Asia > Malaysia",0.37961335676625657
"International Visitor Arrivals By Inbound Tourism Markets, (Sea) > Southeast Asia > Myanmar",0.4007029876977153
"International Visitor Arrivals By Inbound Tourism Markets, (Sea) > Southeast Asia > Other Markets In Southeast Asia",0.5905096660808435
"International Visitor Arrivals By Inbound Tourism Markets, (Sea) > Southeast Asia > Philippines",0.37961335676625657
"International Visitor Arrivals By Inbound Tourism Markets, (Sea) > Southeast Asia > Thailand",0.37961335676625657
"International Visitor Arrivals By Inbound Tourism Markets, (Sea) > Southeast Asia > Vietnam",0.23198594024604569
"International Visitor Arrivals By Inbound Tourism Markets, (Sea) > West Asia",0.0
"International Visitor Arrivals By Inbound Tourism Markets, (Sea) > West Asia > India",0.0
"International Visitor Arrivals By Inbound Tourism Markets, (Sea) > West Asia > Israel",0.5905096660808435
"International Visitor Arrivals By Inbound Tourism Markets, (Sea) > West Asia > Kuwait",0.0
"International Visitor Arrivals By Inbound Tourism Markets, (Sea) > West Asia > Other Markets In South Asia",0.0
"International Visitor Arrivals By Inbound Tourism Markets, (Sea) > West Asia > Other Markets In West Asia",0.5905096660808435
"International Visitor Arrivals By Inbound Tourism Markets, (Sea) > West Asia > Pakistan",0.0
"International Visitor Arrivals By Inbound Tourism Markets, (Sea) > West Asia > Saudi Arabia",0.0
"International Visitor Arrivals By Inbound Tourism Markets, (Sea) > West Asia > Sri Lanka",0.0
"International Visitor Arrivals By Inbound Tourism Markets, (Sea) > West Asia > United Arab Emirates",0.0
