series_id,level,name,parent_id,full_path
1,0,"International Visitor Arrivals By Inbound Tourism Markets, (Sea)",,"International Visitor Arrivals By Inbound Tourism Markets, (Sea)"
2,1,Southeast Asia,1.0,"International Visitor Arrivals By Inbound Tourism Markets, (Sea) > Southeast Asia"
3,2,Brunei Darussalam,2.0,"International Visitor Arrivals By Inbound Tourism Markets, (Sea) > Southeast Asia > Brunei Darussalam"
4,2,Indonesia,2.0,"International Visitor Arrivals By Inbound Tourism Markets, (Sea) > Southeast Asia > Indonesia"
5,2,Malaysia,2.0,"International Visitor Arrivals By Inbound Tourism Markets, (Sea) > Southeast Asia > Malaysia"
6,2,Myanmar,2.0,"International Visitor Arrivals By Inbound Tourism Markets, (Sea) > Southeast Asia > Myanmar"
7,2,Philippines,2.0,"International Visitor Arrivals By Inbound Tourism Markets, (Sea) > Southeast Asia > Philippines"
8,2,Thailand,2.0,"International Visitor Arrivals By Inbound Tourism Markets, (Sea) > Southeast Asia > Thailand"
9,2,Iran,2.0,"International Visitor Arrivals By Inbound Tourism Markets, (Sea) > Southeast Asia > Iran"
10,2,Vietnam,2.0,"International Visitor Arrivals By Inbound Tourism Markets, (Sea) > Southeast Asia > Vietnam"
11,2,Other Markets In Southeast Asia,2.0,"International Visitor Arrivals By Inbound Tourism Markets, (Sea) > Southeast Asia > Other Markets In Southeast Asia"
12,1,Greater China,1.0,"International Visitor Arrivals By Inbound Tourism Markets, (Sea) > Greater China"
13,2,Other Markets In Greater China,12.0,"International Visitor Arrivals By Inbound Tourism Markets, (Sea) > Greater China > Other Markets In Greater China"
14,2,China,12.0,"International Visitor Arrivals By Inbound Tourism Markets, (Sea) > Greater China > China"
15,2,Hong Kong SAR,12.0,"International Visitor Arrivals By Inbound Tourism Markets, (Sea) > Greater China > Hong Kong SAR"
16,2,Taiwan,12.0,"International Visitor Arrivals By Inbound Tourism Markets, (Sea) > Greater China > Taiwan"
17,1,North Asia,1.0,"International Visitor Arrivals By Inbound Tourism Markets, (Sea) > North Asia"
18,2,Japan,17.0,"International Visitor Arrivals By Inbound Tourism Markets, (Sea) > North Asia > Japan"
19,2,South Korea,17.0,"International Visitor Arrivals By Inbound Tourism Markets, (Sea) > North Asia > South Korea"
20,2,Other Markets In North Asia,17.0,"International Visitor Arrivals By Inbound Tourism Markets, (Sea) > North Asia > Other Markets In North Asia"
21,1,South Asia,1.0,"International Visitor Arrivals By Inbound Tourism Markets, (Sea) > South Asia"
22,2,Bangladesh,21.0,"International Visitor Arrivals By Inbound Tourism Markets, (Sea) > South Asia > Bangladesh"
23,1,West Asia,1.0,"International Visitor Arrivals By Inbound Tourism Markets, (Sea) > West Asia"
24,2,India,23.0,"International Visitor Arrivals By Inbound Tourism Markets, (Sea) > West Asia > India"
25,2,Pakistan,23.0,"International Visitor Arrivals By Inbound Tourism Markets, (Sea) > West Asia > Pakistan"
26,2,Sri Lanka,23.0,"International Visitor Arrivals By Inbound Tourism Markets, (Sea) > West Asia > Sri Lanka"
27,2,Other Markets In South Asia,23.0,"International Visitor Arrivals By Inbound Tourism Markets, (Sea) > West Asia > Other Markets In South Asia"
28,2,Israel,23.0,"International Visitor Arrivals By Inbound Tourism Markets, (Sea) > West Asia > Israel"
29,2,Kuwait,23.0,"International Visitor Arrivals By Inbound Tourism Markets, (Sea) > West Asia > Kuwait"
30,2,Saudi Arabia,23.0,"International Visitor Arrivals By Inbound Tourism Markets, (Sea) > West Asia > Saudi Arabia"
31,2,United Arab Emirates,23.0,"International Visitor Arrivals By Inbound Tourism Markets, (Sea) > West Asia > United Arab Emirates"
32,2,Other Markets In West Asia,23.0,"International Visitor Arrivals By Inbound Tourism Markets, (Sea) > West Asia > Other Markets In West Asia"
33,1,Americas,1.0,"International Visitor Arrivals By Inbound Tourism Markets, (Sea) > Americas"
34,2,Canada,33.0,"International Visitor Arrivals By Inbound Tourism Markets, (Sea) > Americas > Canada"
35,2,USA,33.0,"International Visitor Arrivals By Inbound Tourism Markets, (Sea) > Americas > USA"
36,2,Other Markets In Americas,33.0,"International Visitor Arrivals By Inbound Tourism Markets, (Sea) > Americas > Other Markets In Americas"
37,1,Europe,1.0,"International Visitor Arrivals By Inbound Tourism Markets, (Sea) > Europe"
38,2,Belgium & Luxembourg,37.0,"International Visitor Arrivals By Inbound Tourism Markets, (Sea) > Europe > Belgium & Luxembourg"
39,2,Denmark,37.0,"International Visitor Arrivals By Inbound Tourism Markets, (Sea) > Europe > Denmark"
40,2,Finland,37.0,"International Visitor Arrivals By Inbound Tourism Markets, (Sea) > Europe > Finland"
41,2,France,37.0,"International Visitor Arrivals By Inbound Tourism Markets, (Sea) > Europe > France"
42,2,Norway,37.0,"International Visitor Arrivals By Inbound Tourism Markets, (Sea) > Europe > Norway"
43,2,Germany,37.0,"International Visitor Arrivals By Inbound Tourism Markets, (Sea) > Europe > Germany"
44,2,Italy,37.0,"International Visitor Arrivals By Inbound Tourism Markets, (Sea) > Europe > Italy"
45,2,Netherlands,37.0,"International Visitor Arrivals By Inbound Tourism Markets, (Sea) > Europe > Netherlands"
46,2,Rep Of Ireland,37.0,"International Visitor Arrivals By Inbound Tourism Markets, (Sea) > Europe > Rep Of Ireland"
47,2,Russian Federation,37.0,"International Visitor Arrivals By Inbound Tourism Markets, (Sea) > Europe > Russian Federation"
48,2,Spain,37.0,"International Visitor Arrivals By Inbound Tourism Markets, (Sea) > Europe > Spain"
49,2,Sweden,37.0,"International Visitor Arrivals By Inbound Tourism Markets, (Sea) > Europe > Sweden"
50,2,Switzerland,37.0,"International Visitor Arrivals By Inbound Tourism Markets, (Sea) > Europe > Switzerland"
51,2,United Kingdom,37.0,"International Visitor Arrivals By Inbound Tourism Markets, (Sea) > Europe > United Kingdom"
52,2,Other Markets In Europe,37.0,"International Visitor Arrivals By Inbound Tourism Markets, (Sea) > Europe > Other Markets In Europe"
53,1,Oceania,1.0,"International Visitor Arrivals By Inbound Tourism Markets, (Sea) > Oceania"
54,2,Australia,53.0,"International Visitor Arrivals By Inbound Tourism Markets, (Sea) > Oceania > Australia"
55,2,New Zealand,53.0,"International Visitor Arrivals By Inbound Tourism Markets, (Sea) > Oceania > New Zealand"
56,2,Other Markets In Oceania,53.0,"International Visitor Arrivals By Inbound Tourism Markets, (Sea) > Oceania > Other Markets In Oceania"
57,1,Africa,1.0,"International Visitor Arrivals By Inbound Tourism Markets, (Sea) > Africa"
58,2,Egypt,57.0,"International Visitor Arrivals By Inbound Tourism Markets, (Sea) > Africa > Egypt"
59,2,Mauritius,57.0,"International Visitor Arrivals By Inbound Tourism Markets, (Sea) > Africa > Mauritius"
60,2,South Africa (Rep Of),57.0,"International Visitor Arrivals By Inbound Tourism Markets, (Sea) > Africa > South Africa (Rep Of)"
61,2,Other Markets In Africa,57.0,"International Visitor Arrivals By Inbound Tourism Markets, (Sea) > Africa > Other Markets In Africa"
62,1,Others,1.0,"International Visitor Arrivals By Inbound Tourism Markets, (Sea) > Others"
