month,name,total
1978-01,"International Visitor Arrivals By Inbound Tourism Markets, (Sea)",9482.0
1978-02,"International Visitor Arrivals By Inbound Tourism Markets, (Sea)",8399.0
1978-03,"International Visitor Arrivals By Inbound Tourism Markets, (Sea)",11281.0
1978-04,"International Visitor Arrivals By Inbound Tourism Markets, (Sea)",8708.0
1978-05,"International Visitor Arrivals By Inbound Tourism Markets, (Sea)",8562.0
1978-06,"International Visitor Arrivals By Inbound Tourism Markets, (Sea)",8729.0
1978-07,"International Visitor Arrivals By Inbound Tourism Markets, (Sea)",8466.0
1978-08,"International Visitor Arrivals By Inbound Tourism Markets, (Sea)",8600.0
1978-09,"International Visitor Arrivals By Inbound Tourism Markets, (Sea)",7927.0
1978-10,"International Visitor Arrivals By Inbound Tourism Markets, (Sea)",8627.0
1978-11,"International Visitor Arrivals By Inbound Tourism Markets, (Sea)",9203.0
1978-12,"International Visitor Arrivals By Inbound Tourism Markets, (Sea)",9412.0
1979-01,"International Visitor Arrivals By Inbound Tourism Markets, (Sea)",8841.0
1979-02,"International Visitor Arrivals By Inbound Tourism Markets, (Sea)",9364.0
1979-03,"International Visitor Arrivals By Inbound Tourism Markets, (Sea)",12630.0
1979-04,"International Visitor Arrivals By Inbound Tourism Markets, (Sea)",11265.0
1979-05,"International Visitor Arrivals By Inbound Tourism Markets, (Sea)",10770.0
1979-06,"International Visitor Arrivals By Inbound Tourism Markets, (Sea)",11418.0
1979-07,"International Visitor Arrivals By Inbound Tourism Markets, (Sea)",11088.0
1979-08,"International Visitor Arrivals By Inbound Tourism Markets, (Sea)",10237.0
1979-09,"International Visitor Arrivals By Inbound Tourism Markets, (Sea)",9591.0
1979-10,"International Visitor Arrivals By Inbound Tourism Markets, (Sea)",10931.0
1979-11,"International Visitor Arrivals By Inbound Tourism Markets, (Sea)",10664.0
1979-12,"International Visitor Arrivals By Inbound Tourism Markets, (Sea)",12362.0
1980-01,"International Visitor Arrivals By Inbound Tourism Markets, (Sea)",10783.0
1980-02,"International Visitor Arrivals By Inbound Tourism Markets, (Sea)",11727.0
1980-03,"International Visitor Arrivals By Inbound Tourism Markets, (Sea)",11999.0
1980-04,"International Visitor Arrivals By Inbound Tourism Markets, (Sea)",11407.0
1980-05,"International Visitor Arrivals By Inbound Tourism Markets, (Sea)",11362.0
1980-06,"International Visitor Arrivals By Inbound Tourism Markets, (Sea)",12294.0
1980-07,"International Visitor Arrivals By Inbound Tourism Markets, (Sea)",11942.0
1980-08,"International Visitor Arrivals By Inbound Tourism Markets, (Sea)",11896.0
1980-09,"International Visitor Arrivals By Inbound Tourism Markets, (Sea)",11411.0
1980-10,"International Visitor Arrivals By Inbound Tourism Markets, (Sea)",13212.0
1980-11,"International Visitor Arrivals By Inbound Tourism Markets, (Sea)",12711.0
1980-12,"International Visitor Arrivals By Inbound Tourism Markets, (Sea)",14720.0
1981-01,"International Visitor Arrivals By Inbound Tourism Markets, (Sea)",12869.0
1981-02,"International Visitor Arrivals By Inbound Tourism Markets, (Sea)",13088.0
1981-03,"International Visitor Arrivals By Inbound Tourism Markets, (Sea)",15110.0
1981-04,"International Visitor Arrivals By Inbound Tourism Markets, (Sea)",13886.0
1981-05,"International Visitor Arrivals By Inbound Tourism Markets, (Sea)",14944.0
1981-06,"International Visitor Arrivals By Inbound Tourism Markets, (Sea)",14056.0
1981-07,"International Visitor Arrivals By Inbound Tourism Markets, (Sea)",14019.0
1981-08,"International Visitor Arrivals By Inbound Tourism Markets, (Sea)",12386.0
1981-09,"International Visitor Arrivals By Inbound Tourism Markets, (Sea)",11342.0
1981-10,"International Visitor Arrivals By Inbound Tourism Markets, (Sea)",13336.0
1981-11,"International Visitor Arrivals By Inbound Tourism Markets, (Sea)",12839.0
1981-12,"International Visitor Arrivals By Inbound Tourism Markets, (Sea)",15588.0
1982-01,"International Visitor Arrivals By Inbound Tourism Markets, (Sea)",11705.0
1982-02,"International Visitor Arrivals By Inbound Tourism Markets, (Sea)",13762.0
1982-03,"International Visitor Arrivals By Inbound Tourism Markets, (Sea)",12696.0
1982-04,"International Visitor Arrivals By Inbound Tourism Markets, (Sea)",11937.0
1982-05,"International Visitor Arrivals By Inbound Tourism Markets, (Sea)",12608.0
1982-06,"International Visitor Arrivals By Inbound Tourism Markets, (Sea)",14903.0
1982-07,"International Visitor Arrivals By Inbound Tourism Markets, (Sea)",13512.0
1982-08,"International Visitor Arrivals By Inbound Tourism Markets, (Sea)",13250.0
1982-09,"International Visitor Arrivals By Inbound Tourism Markets, (Sea)",13432.0
1982-10,"International Visitor Arrivals By Inbound Tourism Markets, (Sea)",12733.0
1982-11,"International Visitor Arrivals By Inbound Tourism Markets, (Sea)",14103.0
1982-12,"International Visitor Arrivals By Inbound Tourism Markets, (Sea)",11339.0
1983-01,"International Visitor Arrivals By Inbound Tourism Markets, (Sea)",8293.0
1983-02,"International Visitor Arrivals By Inbound Tourism Markets, (Sea)",9240.0
1983-03,"International Visitor Arrivals By Inbound Tourism Markets, (Sea)",11313.0
1983-04,"International Visitor Arrivals By Inbound Tourism Markets, (Sea)",10214.0
1983-05,"International Visitor Arrivals By Inbound Tourism Markets, (Sea)",10612.0
1983-06,"International Visitor Arrivals By Inbound Tourism Markets, (Sea)",10209.0
1983-07,"International Visitor Arrivals By Inbound Tourism Markets, (Sea)",10080.0
1983-08,"International Visitor Arrivals By Inbound Tourism Markets, (Sea)",9420.0
1983-09,"International Visitor Arrivals By Inbound Tourism Markets, (Sea)",11137.0
1983-10,"International Visitor Arrivals By Inbound Tourism Markets, (Sea)",9677.0
1983-11,"International Visitor Arrivals By Inbound Tourism Markets, (Sea)",10296.0
1983-12,"International Visitor Arrivals By Inbound Tourism Markets, (Sea)",11641.0
1984-01,"International Visitor Arrivals By Inbound Tourism Markets, (Sea)",8739.0
1984-02,"International Visitor Arrivals By Inbound Tourism Markets, (Sea)",10071.0
1984-03,"International Visitor Arrivals By Inbound Tourism Markets, (Sea)",10365.0
1984-04,"International Visitor Arrivals By Inbound Tourism Markets, (Sea)",9623.0
1984-05,"International Visitor Arrivals By Inbound Tourism Markets, (Sea)",10129.0
1984-06,"International Visitor Arrivals By Inbound Tourism Markets, (Sea)",9749.0
1984-07,"International Visitor Arrivals By Inbound Tourism Markets, (Sea)",9405.0
1984-08,"International Visitor Arrivals By Inbound Tourism Markets, (Sea)",8809.0
1984-09,"International Visitor Arrivals By Inbound Tourism Markets, (Sea)",9033.0
1984-10,"International Visitor Arrivals By Inbound Tourism Markets, (Sea)",8992.0
1984-11,"International Visitor Arrivals By Inbound Tourism Markets, (Sea)",11177.0
1984-12,"International Visitor Arrivals By Inbound Tourism Markets, (Sea)",12443.0
1985-01,"International Visitor Arrivals By Inbound Tourism Markets, (Sea)",8999.0
1985-02,"International Visitor Arrivals By Inbound Tourism Markets, (Sea)",9528.0
1985-03,"International Visitor Arrivals By Inbound Tourism Markets, (Sea)",10680.0
1985-04,"International Visitor Arrivals By Inbound Tourism Markets, (Sea)",9619.0
1985-05,"International Visitor Arrivals By Inbound Tourism Markets, (Sea)",9638.0
1985-06,"International Visitor Arrivals By Inbound Tourism Markets, (Sea)",9962.0
1985-07,"International Visitor Arrivals By Inbound Tourism Markets, (Sea)",9355.0
1985-08,"International Visitor Arrivals By Inbound Tourism Markets, (Sea)",9724.0
1985-09,"International Visitor Arrivals By Inbound Tourism Markets, (Sea)",8323.0
1985-10,"International Visitor Arrivals By Inbound Tourism Markets, (Sea)",9883.0
1985-11,"International Visitor Arrivals By Inbound Tourism Markets, (Sea)",10432.0
1985-12,"International Visitor Arrivals By Inbound Tourism Markets, (Sea)",12197.0
1986-01,"International Visitor Arrivals By Inbound Tourism Markets, (Sea)",10587.0
1986-02,"International Visitor Arrivals By Inbound Tourism Markets, (Sea)",10108.0
1986-03,"International Visitor Arrivals By Inbound Tourism Markets, (Sea)",12272.0
1986-04,"International Visitor Arrivals By Inbound Tourism Markets, (Sea)",9977.0
1986-05,"International Visitor Arrivals By Inbound Tourism Markets, (Sea)",10306.0
1986-06,"International Visitor Arrivals By Inbound Tourism Markets, (Sea)",10390.0
1986-07,"International Visitor Arrivals By Inbound Tourism Markets, (Sea)",9701.0
1986-08,"International Visitor Arrivals By Inbound Tourism Markets, (Sea)",9298.0
1986-09,"International Visitor Arrivals By Inbound Tourism Markets, (Sea)",8915.0
1986-10,"International Visitor Arrivals By Inbound Tourism Markets, (Sea)",9536.0
1986-11,"International Visitor Arrivals By Inbound Tourism Markets, (Sea)",10846.0
1986-12,"International Visitor Arrivals By Inbound Tourism Markets, (Sea)",13684.0
1987-01,"International Visitor Arrivals By Inbound Tourism Markets, (Sea)",10906.0
1987-02,"International Visitor Arrivals By Inbound Tourism Markets, (Sea)",10097.0
1987-03,"International Visitor Arrivals By Inbound Tourism Markets, (Sea)",13184.0
1987-04,"International Visitor Arrivals By Inbound Tourism Markets, (Sea)",10739.0
1987-05,"International Visitor Arrivals By Inbound Tourism Markets, (Sea)",12656.0
1987-06,"International Visitor Arrivals By Inbound Tourism Markets, (Sea)",11451.0
1987-07,"International Visitor Arrivals By Inbound Tourism Markets, (Sea)",12524.0
1987-08,"International Visitor Arrivals By Inbound Tourism Markets, (Sea)",13034.0
1987-09,"International Visitor Arrivals By Inbound Tourism Markets, (Sea)",10970.0
1987-10,"International Visitor Arrivals By Inbound Tourism Markets, (Sea)",11361.0
1987-11,"International Visitor Arrivals By Inbound Tourism Markets, (Sea)",12113.0
1987-12,"International Visitor Arrivals By Inbound Tourism Markets, (Sea)",15835.0
1988-01,"International Visitor Arrivals By Inbound Tourism Markets, (Sea)",12991.0
1988-02,"International Visitor Arrivals By Inbound Tourism Markets, (Sea)",13017.0
1988-03,"International Visitor Arrivals By Inbound Tourism Markets, (Sea)",15143.0
1988-04,"International Visitor Arrivals By Inbound Tourism Markets, (Sea)",15413.0
1988-05,"International Visitor Arrivals By Inbound Tourism Markets, (Sea)",16044.0
1988-06,"International Visitor Arrivals By Inbound Tourism Markets, (Sea)",13443.0
1988-07,"International Visitor Arrivals By Inbound Tourism Markets, (Sea)",15094.0
1988-08,"International Visitor Arrivals By Inbound Tourism Markets, (Sea)",14220.0
1988-09,"International Visitor Arrivals By Inbound Tourism Markets, (Sea)",13516.0
1988-10,"International Visitor Arrivals By Inbound Tourism Markets, (Sea)",15266.0
1988-11,"International Visitor Arrivals By Inbound Tourism Markets, (Sea)",18429.0
1988-12,"International Visitor Arrivals By Inbound Tourism Markets, (Sea)",20746.0
1989-01,"International Visitor Arrivals By Inbound Tourism Markets, (Sea)",16185.0
1989-02,"International Visitor Arrivals By Inbound Tourism Markets, (Sea)",14919.0
1989-03,"International Visitor Arrivals By Inbound Tourism Markets, (Sea)",20720.0
1989-04,"International Visitor Arrivals By Inbound Tourism Markets, (Sea)",17967.0
1989-05,"International Visitor Arrivals By Inbound Tourism Markets, (Sea)",16198.0
1989-06,"International Visitor Arrivals By Inbound Tourism Markets, (Sea)",17503.0
1989-07,"International Visitor Arrivals By Inbound Tourism Markets, (Sea)",18031.0
1989-08,"International Visitor Arrivals By Inbound Tourism Markets, (Sea)",18266.0
1989-09,"International Visitor Arrivals By Inbound Tourism Markets, (Sea)",19182.0
1989-10,"International Visitor Arrivals By Inbound Tourism Markets, (Sea)",24350.0
1989-11,"International Visitor Arrivals By Inbound Tourism Markets, (Sea)",29228.0
1989-12,"International Visitor Arrivals By Inbound Tourism Markets, (Sea)",32046.0
1990-01,"International Visitor Arrivals By Inbound Tourism Markets, (Sea)",26743.0
1990-02,"International Visitor Arrivals By Inbound Tourism Markets, (Sea)",21338.0
1990-03,"International Visitor Arrivals By Inbound Tourism Markets, (Sea)",24101.0
1990-04,"International Visitor Arrivals By Inbound Tourism Markets, (Sea)",24929.0
1990-05,"International Visitor Arrivals By Inbound Tourism Markets, (Sea)",23830.0
1990-06,"International Visitor Arrivals By Inbound Tourism Markets, (Sea)",25357.0
1990-07,"International Visitor Arrivals By Inbound Tourism Markets, (Sea)",28248.0
1990-08,"International Visitor Arrivals By Inbound Tourism Markets, (Sea)",30944.0
1990-09,"International Visitor Arrivals By Inbound Tourism Markets, (Sea)",29938.0
1990-10,"International Visitor Arrivals By Inbound Tourism Markets, (Sea)",29666.0
1990-11,"International Visitor Arrivals By Inbound Tourism Markets, (Sea)",31640.0
1990-12,"International Visitor Arrivals By Inbound Tourism Markets, (Sea)",39486.0
1991-01,"International Visitor Arrivals By Inbound Tourism Markets, (Sea)",32538.0
1991-02,"International Visitor Arrivals By Inbound Tourism Markets, (Sea)",31240.0
1991-03,"International Visitor Arrivals By Inbound Tourism Markets, (Sea)",38476.0
1991-04,"International Visitor Arrivals By Inbound Tourism Markets, (Sea)",40047.0
1991-05,"International Visitor Arrivals By Inbound Tourism Markets, (Sea)",36313.0
1991-06,"International Visitor Arrivals By Inbound Tourism Markets, (Sea)",44247.0
1991-07,"International Visitor Arrivals By Inbound Tourism Markets, (Sea)",43923.0
1991-08,"International Visitor Arrivals By Inbound Tourism Markets, (Sea)",41050.0
1991-09,"International Visitor Arrivals By Inbound Tourism Markets, (Sea)",37802.0
1991-10,"International Visitor Arrivals By Inbound Tourism Markets, (Sea)",38996.0
1991-11,"International Visitor Arrivals By Inbound Tourism Markets, (Sea)",41969.0
1991-12,"International Visitor Arrivals By Inbound Tourism Markets, (Sea)",52617.0
1992-01,"International Visitor Arrivals By Inbound Tourism Markets, (Sea)",44461.0
1992-02,"International Visitor Arrivals By Inbound Tourism Markets, (Sea)",46417.0
1992-03,"International Visitor Arrivals By Inbound Tourism Markets, (Sea)",43713.0
1992-04,"International Visitor Arrivals By Inbound Tourism Markets, (Sea)",46847.0
1992-05,"International Visitor Arrivals By Inbound Tourism Markets, (Sea)",43082.0
1992-06,"International Visitor Arrivals By Inbound Tourism Markets, (Sea)",45386.0
1992-07,"International Visitor Arrivals By Inbound Tourism Markets, (Sea)",47642.0
1992-08,"International Visitor Arrivals By Inbound Tourism Markets, (Sea)",46602.0
1992-09,"International Visitor Arrivals By Inbound Tourism Markets, (Sea)",41543.0
1992-10,"International Visitor Arrivals By Inbound Tourism Markets, (Sea)",41588.0
1992-11,"International Visitor Arrivals By Inbound Tourism Markets, (Sea)",42865.0
1992-12,"International Visitor Arrivals By Inbound Tourism Markets, (Sea)",51839.0
1993-01,"International Visitor Arrivals By Inbound Tourism Markets, (Sea)",43709.0
1993-02,"International Visitor Arrivals By Inbound Tourism Markets, (Sea)",41079.0
1993-03,"International Visitor Arrivals By Inbound Tourism Markets, (Sea)",50902.0
1993-04,"International Visitor Arrivals By Inbound Tourism Markets, (Sea)",39396.0
1993-05,"International Visitor Arrivals By Inbound Tourism Markets, (Sea)",43251.0
1993-06,"International Visitor Arrivals By Inbound Tourism Markets, (Sea)",49508.0
1993-07,"International Visitor Arrivals By Inbound Tourism Markets, (Sea)",49455.0
1993-08,"International Visitor Arrivals By Inbound Tourism Markets, (Sea)",49410.0
1993-09,"International Visitor Arrivals By Inbound Tourism Markets, (Sea)",40888.0
1993-10,"International Visitor Arrivals By Inbound Tourism Markets, (Sea)",45062.0
1993-11,"International Visitor Arrivals By Inbound Tourism Markets, (Sea)",50869.0
1993-12,"International Visitor Arrivals By Inbound Tourism Markets, (Sea)",62372.0
1994-01,"International Visitor Arrivals By Inbound Tourism Markets, (Sea)",54033.0
1994-02,"International Visitor Arrivals By Inbound Tourism Markets, (Sea)",50675.0
1994-03,"International Visitor Arrivals By Inbound Tourism Markets, (Sea)",68811.0
1994-04,"International Visitor Arrivals By Inbound Tourism Markets, (Sea)",54051.0
1994-05,"International Visitor Arrivals By Inbound Tourism Markets, (Sea)",54669.0
1994-06,"International Visitor Arrivals By Inbound Tourism Markets, (Sea)",61297.0
1994-07,"International Visitor Arrivals By Inbound Tourism Markets, (Sea)",71011.0
1994-08,"International Visitor Arrivals By Inbound Tourism Markets, (Sea)",74260.0
1994-09,"International Visitor Arrivals By Inbound Tourism Markets, (Sea)",57015.0
1994-10,"International Visitor Arrivals By Inbound Tourism Markets, (Sea)",58510.0
1994-11,"International Visitor Arrivals By Inbound Tourism Markets, (Sea)",62517.0
1994-12,"International Visitor Arrivals By Inbound Tourism Markets, (Sea)",72317.0
1995-01,"International Visitor Arrivals By Inbound Tourism Markets, (Sea)",66969.0
1995-02,"International Visitor Arrivals By Inbound Tourism Markets, (Sea)",66422.0
1995-03,"International Visitor Arrivals By Inbound Tourism Markets, (Sea)",71642.0
1995-04,"International Visitor Arrivals By Inbound Tourism Markets, (Sea)",62538.0
1995-05,"International Visitor Arrivals By Inbound Tourism Markets, (Sea)",61045.0
1995-06,"International Visitor Arrivals By Inbound Tourism Markets, (Sea)",65355.0
1995-07,"International Visitor Arrivals By Inbound Tourism Markets, (Sea)",79655.0
1995-08,"International Visitor Arrivals By Inbound Tourism Markets, (Sea)",78236.0
1995-09,"International Visitor Arrivals By Inbound Tourism Markets, (Sea)",61358.0
1995-10,"International Visitor Arrivals By Inbound Tourism Markets, (Sea)",65202.0
1995-11,"International Visitor Arrivals By Inbound Tourism Markets, (Sea)",62785.0
1995-12,"International Visitor Arrivals By Inbound Tourism Markets, (Sea)",74694.0
1996-01,"International Visitor Arrivals By Inbound Tourism Markets, (Sea)",74125.0
1996-02,"International Visitor Arrivals By Inbound Tourism Markets, (Sea)",77181.0
1996-03,"International Visitor Arrivals By Inbound Tourism Markets, (Sea)",73803.0
1996-04,"International Visitor Arrivals By Inbound Tourism Markets, (Sea)",71245.0
1996-05,"International Visitor Arrivals By Inbound Tourism Markets, (Sea)",68913.0
1996-06,"International Visitor Arrivals By Inbound Tourism Markets, (Sea)",71909.0
1996-07,"International Visitor Arrivals By Inbound Tourism Markets, (Sea)",78447.0
1996-08,"International Visitor Arrivals By Inbound Tourism Markets, (Sea)",81531.0
1996-09,"International Visitor Arrivals By Inbound Tourism Markets, (Sea)",62236.0
1996-10,"International Visitor Arrivals By Inbound Tourism Markets, (Sea)",70580.0
1996-11,"International Visitor Arrivals By Inbound Tourism Markets, (Sea)",73628.0
1996-12,"International Visitor Arrivals By Inbound Tourism Markets, (Sea)",92549.0
1997-01,"International Visitor Arrivals By Inbound Tourism Markets, (Sea)",82121.0
1997-02,"International Visitor Arrivals By Inbound Tourism Markets, (Sea)",93913.0
1997-03,"International Visitor Arrivals By Inbound Tourism Markets, (Sea)",84715.0
1997-04,"International Visitor Arrivals By Inbound Tourism Markets, (Sea)",79609.0
1997-05,"International Visitor Arrivals By Inbound Tourism Markets, (Sea)",77012.0
1997-06,"International Visitor Arrivals By Inbound Tourism Markets, (Sea)",84604.0
1997-07,"International Visitor Arrivals By Inbound Tourism Markets, (Sea)",97691.0
1997-08,"International Visitor Arrivals By Inbound Tourism Markets, (Sea)",85572.0
1997-09,"International Visitor Arrivals By Inbound Tourism Markets, (Sea)",72486.0
1997-10,"International Visitor Arrivals By Inbound Tourism Markets, (Sea)",63359.0
1997-11,"International Visitor Arrivals By Inbound Tourism Markets, (Sea)",70173.0
1997-12,"International Visitor Arrivals By Inbound Tourism Markets, (Sea)",80518.0
1998-01,"International Visitor Arrivals By Inbound Tourism Markets, (Sea)",73648.0
1998-02,"International Visitor Arrivals By Inbound Tourism Markets, (Sea)",68365.0
1998-03,"International Visitor Arrivals By Inbound Tourism Markets, (Sea)",66444.0
1998-04,"International Visitor Arrivals By Inbound Tourism Markets, (Sea)",62400.0
1998-05,"International Visitor Arrivals By Inbound Tourism Markets, (Sea)",76868.0
1998-06,"International Visitor Arrivals By Inbound Tourism Markets, (Sea)",63133.0
1998-07,"International Visitor Arrivals By Inbound Tourism Markets, (Sea)",71212.0
1998-08,"International Visitor Arrivals By Inbound Tourism Markets, (Sea)",75114.0
1998-09,"International Visitor Arrivals By Inbound Tourism Markets, (Sea)",61983.0
1998-10,"International Visitor Arrivals By Inbound Tourism Markets, (Sea)",69529.0
1998-11,"International Visitor Arrivals By Inbound Tourism Markets, (Sea)",65253.0
1998-12,"International Visitor Arrivals By Inbound Tourism Markets, (Sea)",76222.0
1999-01,"International Visitor Arrivals By Inbound Tourism Markets, (Sea)",81725.0
1999-02,"International Visitor Arrivals By Inbound Tourism Markets, (Sea)",65986.0
1999-03,"International Visitor Arrivals By Inbound Tourism Markets, (Sea)",81638.0
1999-04,"International Visitor Arrivals By Inbound Tourism Markets, (Sea)",75013.0
1999-05,"International Visitor Arrivals By Inbound Tourism Markets, (Sea)",90639.0
1999-06,"International Visitor Arrivals By Inbound Tourism Markets, (Sea)",83879.0
1999-07,"International Visitor Arrivals By Inbound Tourism Markets, (Sea)",94127.0
1999-08,"International Visitor Arrivals By Inbound Tourism Markets, (Sea)",91029.0
1999-09,"International Visitor Arrivals By Inbound Tourism Markets, (Sea)",79523.0
1999-10,"International Visitor Arrivals By Inbound Tourism Markets, (Sea)",87194.0
1999-11,"International Visitor Arrivals By Inbound Tourism Markets, (Sea)",85126.0
1999-12,"International Visitor Arrivals By Inbound Tourism Markets, (Sea)",102360.0
2000-01,"International Visitor Arrivals By Inbound Tourism Markets, (Sea)",102502.0
2000-02,"International Visitor Arrivals By Inbound Tourism Markets, (Sea)",82691.0
2000-03,"International Visitor Arrivals By Inbound Tourism Markets, (Sea)",95088.0
2000-04,"International Visitor Arrivals By Inbound Tourism Markets, (Sea)",87777.0
2000-05,"International Visitor Arrivals By Inbound Tourism Markets, (Sea)",91761.0
2000-06,"International Visitor Arrivals By Inbound Tourism Markets, (Sea)",89329.0
2000-07,"International Visitor Arrivals By Inbound Tourism Markets, (Sea)",107616.0
2000-08,"International Visitor Arrivals By Inbound Tourism Markets, (Sea)",102701.0
2000-09,"International Visitor Arrivals By Inbound Tourism Markets, (Sea)",92701.0
2000-10,"International Visitor Arrivals By Inbound Tourism Markets, (Sea)",96734.0
2000-11,"International Visitor Arrivals By Inbound Tourism Markets, (Sea)",89288.0
2000-12,"International Visitor Arrivals By Inbound Tourism Markets, (Sea)",118410.0
2001-01,"International Visitor Arrivals By Inbound Tourism Markets, (Sea)",100770.0
2001-02,"International Visitor Arrivals By Inbound Tourism Markets, (Sea)",88250.0
2001-03,"International Visitor Arrivals By Inbound Tourism Markets, (Sea)",106913.0
2001-04,"International Visitor Arrivals By Inbound Tourism Markets, (Sea)",89787.0
2001-05,"International Visitor Arrivals By Inbound Tourism Markets, (Sea)",96074.0
2001-06,"International Visitor Arrivals By Inbound Tourism Markets, (Sea)",94615.0
2001-07,"International Visitor Arrivals By Inbound Tourism Markets, (Sea)",114557.0
2001-08,"International Visitor Arrivals By Inbound Tourism Markets, (Sea)",111548.0
2001-09,"International Visitor Arrivals By Inbound Tourism Markets, (Sea)",91388.0
2001-10,"International Visitor Arrivals By Inbound Tourism Markets, (Sea)",94379.0
2001-11,"International Visitor Arrivals By Inbound Tourism Markets, (Sea)",87263.0
2001-12,"International Visitor Arrivals By Inbound Tourism Markets, (Sea)",121568.0
2002-01,"International Visitor Arrivals By Inbound Tourism Markets, (Sea)",94796.0
2002-02,"International Visitor Arrivals By Inbound Tourism Markets, (Sea)",87691.0
2002-03,"International Visitor Arrivals By Inbound Tourism Markets, (Sea)",100690.0
2002-04,"International Visitor Arrivals By Inbound Tourism Markets, (Sea)",91031.0
2002-05,"International Visitor Arrivals By Inbound Tourism Markets, (Sea)",94819.0
2002-06,"International Visitor Arrivals By Inbound Tourism Markets, (Sea)",94471.0
2002-07,"International Visitor Arrivals By Inbound Tourism Markets, (Sea)",107711.0
2002-08,"International Visitor Arrivals By Inbound Tourism Markets, (Sea)",106738.0
2002-09,"International Visitor Arrivals By Inbound Tourism Markets, (Sea)",90736.0
2002-10,"International Visitor Arrivals By Inbound Tourism Markets, (Sea)",97491.0
2002-11,"International Visitor Arrivals By Inbound Tourism Markets, (Sea)",88985.0
2002-12,"International Visitor Arrivals By Inbound Tourism Markets, (Sea)",121521.0
2003-01,"International Visitor Arrivals By Inbound Tourism Markets, (Sea)",103311.0
2003-02,"International Visitor Arrivals By Inbound Tourism Markets, (Sea)",90028.0
2003-03,"International Visitor Arrivals By Inbound Tourism Markets, (Sea)",90441.0
2003-04,"International Visitor Arrivals By Inbound Tourism Markets, (Sea)",41689.0
2003-05,"International Visitor Arrivals By Inbound Tourism Markets, (Sea)",48400.0
2003-06,"International Visitor Arrivals By Inbound Tourism Markets, (Sea)",66047.0
2003-07,"International Visitor Arrivals By Inbound Tourism Markets, (Sea)",94315.0
2003-08,"International Visitor Arrivals By Inbound Tourism Markets, (Sea)",95582.0
2003-09,"International Visitor Arrivals By Inbound Tourism Markets, (Sea)",86374.0
2003-10,"International Visitor Arrivals By Inbound Tourism Markets, (Sea)",91251.0
2003-11,"International Visitor Arrivals By Inbound Tourism Markets, (Sea)",107548.0
2003-12,"International Visitor Arrivals By Inbound Tourism Markets, (Sea)",112994.0
2004-01,"International Visitor Arrivals By Inbound Tourism Markets, (Sea)",107273.0
2004-02,"International Visitor Arrivals By Inbound Tourism Markets, (Sea)",94921.0
2004-03,"International Visitor Arrivals By Inbound Tourism Markets, (Sea)",98714.0
2004-04,"International Visitor Arrivals By Inbound Tourism Markets, (Sea)",98633.0
2004-05,"International Visitor Arrivals By Inbound Tourism Markets, (Sea)",107850.0
2004-06,"International Visitor Arrivals By Inbound Tourism Markets, (Sea)",110022.0
2004-07,"International Visitor Arrivals By Inbound Tourism Markets, (Sea)",130369.0
2004-08,"International Visitor Arrivals By Inbound Tourism Markets, (Sea)",116980.0
2004-09,"International Visitor Arrivals By Inbound Tourism Markets, (Sea)",107397.0
2004-10,"International Visitor Arrivals By Inbound Tourism Markets, (Sea)",108238.0
2004-11,"International Visitor Arrivals By Inbound Tourism Markets, (Sea)",123646.0
2004-12,"International Visitor Arrivals By Inbound Tourism Markets, (Sea)",127862.0
2005-01,"International Visitor Arrivals By Inbound Tourism Markets, (Sea)",101321.0
2005-02,"International Visitor Arrivals By Inbound Tourism Markets, (Sea)",96073.0
2005-03,"International Visitor Arrivals By Inbound Tourism Markets, (Sea)",113262.0
2005-04,"International Visitor Arrivals By Inbound Tourism Markets, (Sea)",102200.0
2005-05,"International Visitor Arrivals By Inbound Tourism Markets, (Sea)",108274.0
2005-06,"International Visitor Arrivals By Inbound Tourism Markets, (Sea)",114922.0
2005-07,"International Visitor Arrivals By Inbound Tourism Markets, (Sea)",136010.0
2005-08,"International Visitor Arrivals By Inbound Tourism Markets, (Sea)",117710.0
2005-09,"International Visitor Arrivals By Inbound Tourism Markets, (Sea)",103498.0
2005-10,"International Visitor Arrivals By Inbound Tourism Markets, (Sea)",110114.0
2005-11,"International Visitor Arrivals By Inbound Tourism Markets, (Sea)",122158.0
2005-12,"International Visitor Arrivals By Inbound Tourism Markets, (Sea)",138493.0
2006-01,"International Visitor Arrivals By Inbound Tourism Markets, (Sea)",123568.0
2006-02,"International Visitor Arrivals By Inbound Tourism Markets, (Sea)",110903.0
2006-03,"International Visitor Arrivals By Inbound Tourism Markets, (Sea)",132007.0
2006-04,"International Visitor Arrivals By Inbound Tourism Markets, (Sea)",129820.0
2006-05,"International Visitor Arrivals By Inbound Tourism Markets, (Sea)",127786.0
2006-06,"International Visitor Arrivals By Inbound Tourism Markets, (Sea)",128237.0
2006-07,"International Visitor Arrivals By Inbound Tourism Markets, (Sea)",147208.0
2006-08,"International Visitor Arrivals By Inbound Tourism Markets, (Sea)",139649.0
2006-09,"International Visitor Arrivals By Inbound Tourism Markets, (Sea)",113416.0
2006-10,"International Visitor Arrivals By Inbound Tourism Markets, (Sea)",147705.0
2006-11,"International Visitor Arrivals By Inbound Tourism Markets, (Sea)",117625.0
2006-12,"International Visitor Arrivals By Inbound Tourism Markets, (Sea)",152838.0
2007-01,"International Visitor Arrivals By Inbound Tourism Markets, (Sea)",129110.0
2007-02,"International Visitor Arrivals By Inbound Tourism Markets, (Sea)",107491.0
2007-03,"International Visitor Arrivals By Inbound Tourism Markets, (Sea)",136681.0
2007-04,"International Visitor Arrivals By Inbound Tourism Markets, (Sea)",115522.0
2007-05,"International Visitor Arrivals By Inbound Tourism Markets, (Sea)",124967.0
2007-06,"International Visitor Arrivals By Inbound Tourism Markets, (Sea)",130156.0
2007-07,"International Visitor Arrivals By Inbound Tourism Markets, (Sea)",134772.0
2007-08,"International Visitor Arrivals By Inbound Tourism Markets, (Sea)",131790.0
2007-09,"International Visitor Arrivals By Inbound Tourism Markets, (Sea)",105528.0
2007-10,"International Visitor Arrivals By Inbound Tourism Markets, (Sea)",146374.0
2007-11,"International Visitor Arrivals By Inbound Tourism Markets, (Sea)",114599.0
2007-12,"International Visitor Arrivals By Inbound Tourism Markets, (Sea)",160900.0
2008-01,"International Visitor Arrivals By Inbound Tourism Markets, (Sea)",122697.0
2008-02,"International Visitor Arrivals By Inbound Tourism Markets, (Sea)",106281.0
2008-03,"International Visitor Arrivals By Inbound Tourism Markets, (Sea)",130155.0
2008-04,"International Visitor Arrivals By Inbound Tourism Markets, (Sea)",98000.0
2008-05,"International Visitor Arrivals By Inbound Tourism Markets, (Sea)",106726.0
2008-06,"International Visitor Arrivals By Inbound Tourism Markets, (Sea)",107244.0
2008-07,"International Visitor Arrivals By Inbound Tourism Markets, (Sea)",109838.0
2008-08,"International Visitor Arrivals By Inbound Tourism Markets, (Sea)",101713.0
2008-09,"International Visitor Arrivals By Inbound Tourism Markets, (Sea)",95680.0
2008-10,"International Visitor Arrivals By Inbound Tourism Markets, (Sea)",107262.0
2008-11,"International Visitor Arrivals By Inbound Tourism Markets, (Sea)",101561.0
2008-12,"International Visitor Arrivals By Inbound Tourism Markets, (Sea)",134876.0
2009-01,"International Visitor Arrivals By Inbound Tourism Markets, (Sea)",90756.0
2009-02,"International Visitor Arrivals By Inbound Tourism Markets, (Sea)",83356.0
2009-03,"International Visitor Arrivals By Inbound Tourism Markets, (Sea)",104646.0
2009-04,"International Visitor Arrivals By Inbound Tourism Markets, (Sea)",92451.0
2009-05,"International Visitor Arrivals By Inbound Tourism Markets, (Sea)",93552.0
2009-06,"International Visitor Arrivals By Inbound Tourism Markets, (Sea)",89896.0
2009-07,"International Visitor Arrivals By Inbound Tourism Markets, (Sea)",97471.0
2009-08,"International Visitor Arrivals By Inbound Tourism Markets, (Sea)",93543.0
2009-09,"International Visitor Arrivals By Inbound Tourism Markets, (Sea)",91044.0
2009-10,"International Visitor Arrivals By Inbound Tourism Markets, (Sea)",92044.0
2009-11,"International Visitor Arrivals By Inbound Tourism Markets, (Sea)",100483.0
2009-12,"International Visitor Arrivals By Inbound Tourism Markets, (Sea)",124537.0
2010-01,"International Visitor Arrivals By Inbound Tourism Markets, (Sea)",108144.0
2010-02,"International Visitor Arrivals By Inbound Tourism Markets, (Sea)",101274.0
2010-03,"International Visitor Arrivals By Inbound Tourism Markets, (Sea)",108700.0
2010-04,"International Visitor Arrivals By Inbound Tourism Markets, (Sea)",101143.0
2010-05,"International Visitor Arrivals By Inbound Tourism Markets, (Sea)",102031.0
2010-06,"International Visitor Arrivals By Inbound Tourism Markets, (Sea)",99127.0
2010-07,"International Visitor Arrivals By Inbound Tourism Markets, (Sea)",111640.0
2010-08,"International Visitor Arrivals By Inbound Tourism Markets, (Sea)",94157.0
2010-09,"International Visitor Arrivals By Inbound Tourism Markets, (Sea)",101404.0
2010-10,"International Visitor Arrivals By Inbound Tourism Markets, (Sea)",94400.0
2010-11,"International Visitor Arrivals By Inbound Tourism Markets, (Sea)",104129.0
2010-12,"International Visitor Arrivals By Inbound Tourism Markets, (Sea)",140108.0
2011-01,"International Visitor Arrivals By Inbound Tourism Markets, (Sea)",113627.0
2011-02,"International Visitor Arrivals By Inbound Tourism Markets, (Sea)",107992.0
2011-03,"International Visitor Arrivals By Inbound Tourism Markets, (Sea)",116402.0
2011-04,"International Visitor Arrivals By Inbound Tourism Markets, (Sea)",107218.0
2011-05,"International Visitor Arrivals By Inbound Tourism Markets, (Sea)",103038.0
2011-06,"International Visitor Arrivals By Inbound Tourism Markets, (Sea)",110220.0
2011-07,"International Visitor Arrivals By Inbound Tourism Markets, (Sea)",111184.0
2011-08,"International Visitor Arrivals By Inbound Tourism Markets, (Sea)",121334.0
2011-09,"International Visitor Arrivals By Inbound Tourism Markets, (Sea)",89265.0
2011-10,"International Visitor Arrivals By Inbound Tourism Markets, (Sea)",100307.0
2011-11,"International Visitor Arrivals By Inbound Tourism Markets, (Sea)",102582.0
2011-12,"International Visitor Arrivals By Inbound Tourism Markets, (Sea)",144894.0
2012-01,"International Visitor Arrivals By Inbound Tourism Markets, (Sea)",128285.0
2012-02,"International Visitor Arrivals By Inbound Tourism Markets, (Sea)",117501.0
2012-03,"International Visitor Arrivals By Inbound Tourism Markets, (Sea)",132127.0
2012-04,"International Visitor Arrivals By Inbound Tourism Markets, (Sea)",108679.0
2012-05,"International Visitor Arrivals By Inbound Tourism Markets, (Sea)",114968.0
2012-06,"International Visitor Arrivals By Inbound Tourism Markets, (Sea)",119329.0
2012-07,"International Visitor Arrivals By Inbound Tourism Markets, (Sea)",116067.0
2012-08,"International Visitor Arrivals By Inbound Tourism Markets, (Sea)",134294.0
2012-09,"International Visitor Arrivals By Inbound Tourism Markets, (Sea)",88854.0
2012-10,"International Visitor Arrivals By Inbound Tourism Markets, (Sea)",115173.0
2012-11,"International Visitor Arrivals By Inbound Tourism Markets, (Sea)",128098.0
2012-12,"International Visitor Arrivals By Inbound Tourism Markets, (Sea)",160527.0
2013-01,"International Visitor Arrivals By Inbound Tourism Markets, (Sea)",129074.0
2013-02,"International Visitor Arrivals By Inbound Tourism Markets, (Sea)",125634.0
2013-03,"International Visitor Arrivals By Inbound Tourism Markets, (Sea)",143194.0
2013-04,"International Visitor Arrivals By Inbound Tourism Markets, (Sea)",112017.0
2013-05,"International Visitor Arrivals By Inbound Tourism Markets, (Sea)",130730.0
2013-06,"International Visitor Arrivals By Inbound Tourism Markets, (Sea)",130389.0
2013-07,"International Visitor Arrivals By Inbound Tourism Markets, (Sea)",115064.0
2013-08,"International Visitor Arrivals By Inbound Tourism Markets, (Sea)",139097.0
2013-09,"International Visitor Arrivals By Inbound Tourism Markets, (Sea)",94451.0
2013-10,"International Visitor Arrivals By Inbound Tourism Markets, (Sea)",114153.0
2013-11,"International Visitor Arrivals By Inbound Tourism Markets, (Sea)",127220.0
2013-12,"International Visitor Arrivals By Inbound Tourism Markets, (Sea)",156538.0
2014-01,"International Visitor Arrivals By Inbound Tourism Markets, (Sea)",140952.0
2014-02,"International Visitor Arrivals By Inbound Tourism Markets, (Sea)",141466.0
2014-03,"International Visitor Arrivals By Inbound Tourism Markets, (Sea)",141206.0
2014-04,"International Visitor Arrivals By Inbound Tourism Markets, (Sea)",114834.0
2014-05,"International Visitor Arrivals By Inbound Tourism Markets, (Sea)",117992.0
2014-06,"International Visitor Arrivals By Inbound Tourism Markets, (Sea)",112518.0
2014-07,"International Visitor Arrivals By Inbound Tourism Markets, (Sea)",134603.0
2014-08,"International Visitor Arrivals By Inbound Tourism Markets, (Sea)",112534.0
2014-09,"International Visitor Arrivals By Inbound Tourism Markets, (Sea)",96576.0
2014-10,"International Visitor Arrivals By Inbound Tourism Markets, (Sea)",120225.0
2014-11,"International Visitor Arrivals By Inbound Tourism Markets, (Sea)",127900.0
2014-12,"International Visitor Arrivals By Inbound Tourism Markets, (Sea)",182519.0
2015-01,"International Visitor Arrivals By Inbound Tourism Markets, (Sea)",154708.0
2015-02,"International Visitor Arrivals By Inbound Tourism Markets, (Sea)",151618.0
2015-03,"International Visitor Arrivals By Inbound Tourism Markets, (Sea)",133632.0
2015-04,"International Visitor Arrivals By Inbound Tourism Markets, (Sea)",118120.0
2015-05,"International Visitor Arrivals By Inbound Tourism Markets, (Sea)",123136.0
2015-06,"International Visitor Arrivals By Inbound Tourism Markets, (Sea)",115631.0
2015-07,"International Visitor Arrivals By Inbound Tourism Markets, (Sea)",139088.0
2015-08,"International Visitor Arrivals By Inbound Tourism Markets, (Sea)",117490.0
2015-09,"International Visitor Arrivals By Inbound Tourism Markets, (Sea)",95408.0
2015-10,"International Visitor Arrivals By Inbound Tourism Markets, (Sea)",119491.0
2015-11,"International Visitor Arrivals By Inbound Tourism Markets, (Sea)",138730.0
2015-12,"International Visitor Arrivals By Inbound Tourism Markets, (Sea)",195431.0
2016-01,"International Visitor Arrivals By Inbound Tourism Markets, (Sea)",175961.0
2016-02,"International Visitor Arrivals By Inbound Tourism Markets, (Sea)",160703.0
2016-03,"International Visitor Arrivals By Inbound Tourism Markets, (Sea)",148640.0
2016-04,"International Visitor Arrivals By Inbound Tourism Markets, (Sea)",131580.0
2016-05,"International Visitor Arrivals By Inbound Tourism Markets, (Sea)",131595.0
2016-06,"International Visitor Arrivals By Inbound Tourism Markets, (Sea)",114637.0
2016-07,"International Visitor Arrivals By Inbound Tourism Markets, (Sea)",145138.0
2016-08,"International Visitor Arrivals By Inbound Tourism Markets, (Sea)",119589.0
2016-09,"International Visitor Arrivals By Inbound Tourism Markets, (Sea)",89996.0
2016-10,"International Visitor Arrivals By Inbound Tourism Markets, (Sea)",123501.0
2016-11,"International Visitor Arrivals By Inbound Tourism Markets, (Sea)",143770.0
2016-12,"International Visitor Arrivals By Inbound Tourism Markets, (Sea)",191244.0
2017-01,"International Visitor Arrivals By Inbound Tourism Markets, (Sea)",168131.0
2017-02,"International Visitor Arrivals By Inbound Tourism Markets, (Sea)",153949.0
2017-03,"International Visitor Arrivals By Inbound Tourism Markets, (Sea)",174402.0
2017-04,"International Visitor Arrivals By Inbound Tourism Markets, (Sea)",136124.0
2017-05,"International Visitor Arrivals By Inbound Tourism Markets, (Sea)",131617.0
2017-06,"International Visitor Arrivals By Inbound Tourism Markets, (Sea)",147978.0
2017-07,"International Visitor Arrivals By Inbound Tourism Markets, (Sea)",120924.0
2017-08,"International Visitor Arrivals By Inbound Tourism Markets, (Sea)",114543.0
2017-09,"International Visitor Arrivals By Inbound Tourism Markets, (Sea)",115982.0
2017-10,"International Visitor Arrivals By Inbound Tourism Markets, (Sea)",137059.0
2017-11,"International Visitor Arrivals By Inbound Tourism Markets, (Sea)",154222.0
2017-12,"International Visitor Arrivals By Inbound Tourism Markets, (Sea)",205962.0
2018-01,"International Visitor Arrivals By Inbound Tourism Markets, (Sea)",188344.0
2018-02,"International Visitor Arrivals By Inbound Tourism Markets, (Sea)",179696.0
2018-03,"International Visitor Arrivals By Inbound Tourism Markets, (Sea)",185850.0
2018-04,"International Visitor Arrivals By Inbound Tourism Markets, (Sea)",160565.0
2018-05,"International Visitor Arrivals By Inbound Tourism Markets, (Sea)",158137.0
2018-06,"International Visitor Arrivals By Inbound Tourism Markets, (Sea)",195655.0
2018-07,"International Visitor Arrivals By Inbound Tourism Markets, (Sea)",145921.0
2018-08,"International Visitor Arrivals By Inbound Tourism Markets, (Sea)",141636.0
2018-09,"International Visitor Arrivals By Inbound Tourism Markets, (Sea)",149664.0
2018-10,"International Visitor Arrivals By Inbound Tourism Markets, (Sea)",157535.0
2018-11,"International Visitor Arrivals By Inbound Tourism Markets, (Sea)",172260.0
2018-12,"International Visitor Arrivals By Inbound Tourism Markets, (Sea)",221830.0
2019-01,"International Visitor Arrivals By Inbound Tourism Markets, (Sea)",211718.0
2019-02,"International Visitor Arrivals By Inbound Tourism Markets, (Sea)",193196.0
2019-03,"International Visitor Arrivals By Inbound Tourism Markets, (Sea)",199663.0
2019-04,"International Visitor Arrivals By Inbound Tourism Markets, (Sea)",177492.0
2019-05,"International Visitor Arrivals By Inbound Tourism Markets, (Sea)",175132.0
2019-06,"International Visitor Arrivals By Inbound Tourism Markets, (Sea)",185999.0
2019-07,"International Visitor Arrivals By Inbound Tourism Markets, (Sea)",159197.0
2019-08,"International Visitor Arrivals By Inbound Tourism Markets, (Sea)",155093.0
2019-09,"International Visitor Arrivals By Inbound Tourism Markets, (Sea)",148368.0
2019-10,"International Visitor Arrivals By Inbound Tourism Markets, (Sea)",161918.0
2019-11,"International Visitor Arrivals By Inbound Tourism Markets, (Sea)",189976.0
2019-12,"International Visitor Arrivals By Inbound Tourism Markets, (Sea)",253914.0
2020-01,"International Visitor Arrivals By Inbound Tourism Markets, (Sea)",236649.0
2020-02,"International Visitor Arrivals By Inbound Tourism Markets, (Sea)",110692.0
2020-03,"International Visitor Arrivals By Inbound Tourism Markets, (Sea)",34421.0
2020-04,"International Visitor Arrivals By Inbound Tourism Markets, (Sea)",268.0
2020-05,"International Visitor Arrivals By Inbound Tourism Markets, (Sea)",390.0
2020-06,"International Visitor Arrivals By Inbound Tourism Markets, (Sea)",191.0
2020-07,"International Visitor Arrivals By Inbound Tourism Markets, (Sea)",526.0
2020-08,"International Visitor Arrivals By Inbound Tourism Markets, (Sea)",713.0
2020-09,"International Visitor Arrivals By Inbound Tourism Markets, (Sea)",1002.0
2020-10,"International Visitor Arrivals By Inbound Tourism Markets, (Sea)",1770.0
2020-11,"International Visitor Arrivals By Inbound Tourism Markets, (Sea)",2366.0
2020-12,"International Visitor Arrivals By Inbound Tourism Markets, (Sea)",1874.0
2021-01,"International Visitor Arrivals By Inbound Tourism Markets, (Sea)",1240.0
2021-02,"International Visitor Arrivals By Inbound Tourism Markets, (Sea)",721.0
2021-03,"International Visitor Arrivals By Inbound Tourism Markets, (Sea)",1258.0
2021-04,"International Visitor Arrivals By Inbound Tourism Markets, (Sea)",1038.0
2021-05,"International Visitor Arrivals By Inbound Tourism Markets, (Sea)",452.0
2021-06,"International Visitor Arrivals By Inbound Tourism Markets, (Sea)",105.0
2021-07,"International Visitor Arrivals By Inbound Tourism Markets, (Sea)",48.0
2021-08,"International Visitor Arrivals By Inbound Tourism Markets, (Sea)",224.0
2021-09,"International Visitor Arrivals By Inbound Tourism Markets, (Sea)",147.0
2021-10,"International Visitor Arrivals By Inbound Tourism Markets, (Sea)",640.0
2021-11,"International Visitor Arrivals By Inbound Tourism Markets, (Sea)",1047.0
2021-12,"International Visitor Arrivals By Inbound Tourism Markets, (Sea)",1157.0
2022-01,"International Visitor Arrivals By Inbound Tourism Markets, (Sea)",755.0
2022-02,"International Visitor Arrivals By Inbound Tourism Markets, (Sea)",526.0
2022-03,"International Visitor Arrivals By Inbound Tourism Markets, (Sea)",1425.0
2022-04,"International Visitor Arrivals By Inbound Tourism Markets, (Sea)",12892.0
2022-05,"International Visitor Arrivals By Inbound Tourism Markets, (Sea)",28124.0
2022-06,"International Visitor Arrivals By Inbound Tourism Markets, (Sea)",52365.0
2022-07,"International Visitor Arrivals By Inbound Tourism Markets, (Sea)",65121.0
2022-08,"International Visitor Arrivals By Inbound Tourism Markets, (Sea)",67682.0
2022-09,"International Visitor Arrivals By Inbound Tourism Markets, (Sea)",75021.0
2022-10,"International Visitor Arrivals By Inbound Tourism Markets, (Sea)",69328.0
2022-11,"International Visitor Arrivals By Inbound Tourism Markets, (Sea)",67774.0
2022-12,"International Visitor Arrivals By Inbound Tourism Markets, (Sea)",102374.0
2023-01,"International Visitor Arrivals By Inbound Tourism Markets, (Sea)",99767.0
2023-02,"International Visitor Arrivals By Inbound Tourism Markets, (Sea)",100848.0
2023-03,"International Visitor Arrivals By Inbound Tourism Markets, (Sea)",109468.0
2023-04,"International Visitor Arrivals By Inbound Tourism Markets, (Sea)",124962.0
2023-05,"International Visitor Arrivals By Inbound Tourism Markets, (Sea)",107446.0
2023-06,"International Visitor Arrivals By Inbound Tourism Markets, (Sea)",110662.0
2023-07,"International Visitor Arrivals By Inbound Tourism Markets, (Sea)",116630.0
2023-08,"International Visitor Arrivals By Inbound Tourism Markets, (Sea)",90322.0
2023-09,"International Visitor Arrivals By Inbound Tourism Markets, (Sea)",88067.0
2023-10,"International Visitor Arrivals By Inbound Tourism Markets, (Sea)",90287.0
2023-11,"International Visitor Arrivals By Inbound Tourism Markets, (Sea)",123594.0
2023-12,"International Visitor Arrivals By Inbound Tourism Markets, (Sea)",143198.0
2024-01,"International Visitor Arrivals By Inbound Tourism Markets, (Sea)",148387.0
2024-02,"International Visitor Arrivals By Inbound Tourism Markets, (Sea)",140982.0
2024-03,"International Visitor Arrivals By Inbound Tourism Markets, (Sea)",147777.0
2024-04,"International Visitor Arrivals By Inbound Tourism Markets, (Sea)",109921.0
2024-05,"International Visitor Arrivals By Inbound Tourism Markets, (Sea)",94725.0
2024-06,"International Visitor Arrivals By Inbound Tourism Markets, (Sea)",92600.0
2024-07,"International Visitor Arrivals By Inbound Tourism Markets, (Sea)",90716.0
2024-08,"International Visitor Arrivals By Inbound Tourism Markets, (Sea)",90217.0
2024-09,"International Visitor Arrivals By Inbound Tourism Markets, (Sea)",81182.0
2024-10,"International Visitor Arrivals By Inbound Tourism Markets, (Sea)",87444.0
2024-11,"International Visitor Arrivals By Inbound Tourism Markets, (Sea)",103865.0
2024-12,"International Visitor Arrivals By Inbound Tourism Markets, (Sea)",138496.0
2025-01,"International Visitor Arrivals By Inbound Tourism Markets, (Sea)",142784.0
2025-02,"International Visitor Arrivals By Inbound Tourism Markets, (Sea)",124151.0
2025-03,"International Visitor Arrivals By Inbound Tourism Markets, (Sea)",127780.0
2025-04,"International Visitor Arrivals By Inbound Tourism Markets, (Sea)",104926.0
2025-05,"International Visitor Arrivals By Inbound Tourism Markets, (Sea)",93620.0
