full_path,value,date
"International Visitor Arrivals By Inbound Tourism Markets, (Sea)",93620.0,2025-05-01
"International Visitor Arrivals By Inbound Tourism Markets, (Sea) > Southeast Asia",58426.0,2025-05-01
"International Visitor Arrivals By Inbound Tourism Markets, (Sea) > Southeast Asia > Indonesia",48221.0,2025-05-01
"International Visitor Arrivals By Inbound Tourism Markets, (Sea) > South Asia",14460.0,2025-05-01
"International Visitor Arrivals By Inbound Tourism Markets, (Sea) > West Asia > India",14237.0,2025-05-01
"International Visitor Arrivals By Inbound Tourism Markets, (Sea) > Europe",7464.0,2025-05-01
"International Visitor Arrivals By Inbound Tourism Markets, (Sea) > Greater China",6833.0,2025-05-01
"International Visitor Arrivals By Inbound Tourism Markets, (Sea) > Greater China > China",5616.0,2025-05-01
"International Visitor Arrivals By Inbound Tourism Markets, (Sea) > Southeast Asia > Malaysia",5532.0,2025-05-01
"International Visitor Arrivals By Inbound Tourism Markets, (Sea) > Europe > Germany",4693.0,2025-05-01
"International Visitor Arrivals By Inbound Tourism Markets, (Sea) > North Asia",3007.0,2025-05-01
"International Visitor Arrivals By Inbound Tourism Markets, (Sea) > North Asia > Japan",2146.0,2025-05-01
"International Visitor Arrivals By Inbound Tourism Markets, (Sea) > Southeast Asia > Philippines",2054.0,2025-05-01
"International Visitor Arrivals By Inbound Tourism Markets, (Sea) > Oceania",1639.0,2025-05-01
"International Visitor Arrivals By Inbound Tourism Markets, (Sea) > Oceania > Australia",1484.0,2025-05-01
