series_id,month,value,date,level,name,parent_id,full_path
1,2025May,93620.0,2025-05-01,0,"International Visitor Arrivals By Inbound Tourism Markets, (Sea)",,"International Visitor Arrivals By Inbound Tourism Markets, (Sea)"
2,2025May,58426.0,2025-05-01,1,Southeast Asia,1.0,"International Visitor Arrivals By Inbound Tourism Markets, (Sea) > Southeast Asia"
4,2025May,48221.0,2025-05-01,2,Indonesia,2.0,"International Visitor Arrivals By Inbound Tourism Markets, (Sea) > Southeast Asia > Indonesia"
21,2025May,14460.0,2025-05-01,1,South Asia,1.0,"International Visitor Arrivals By Inbound Tourism Markets, (Sea) > South Asia"
24,2025May,14237.0,2025-05-01,2,India,23.0,"International Visitor Arrivals By Inbound Tourism Markets, (Sea) > West Asia > India"
37,2025May,7464.0,2025-05-01,1,Europe,1.0,"International Visitor Arrivals By Inbound Tourism Markets, (Sea) > Europe"
12,2025May,6833.0,2025-05-01,1,Greater China,1.0,"International Visitor Arrivals By Inbound Tourism Markets, (Sea) > Greater China"
14,2025May,5616.0,2025-05-01,2,China,12.0,"International Visitor Arrivals By Inbound Tourism Markets, (Sea) > Greater China > China"
5,2025May,5532.0,2025-05-01,2,Malaysia,2.0,"International Visitor Arrivals By Inbound Tourism Markets, (Sea) > Southeast Asia > Malaysia"
43,2025May,4693.0,2025-05-01,2,Germany,37.0,"International Visitor Arrivals By Inbound Tourism Markets, (Sea) > Europe > Germany"
